~~,183,230,101,167,72,P,1400,6131,-2795,32.7,31.1,T,1060404686272905,164
~~,183,230,101,168,72,P,1010,18362,1012,35.3,32.2,T,1060404687272905,145
~~,183,230,101,169,72,P,1361,10165,-2600,30.7,30.9,T,1060404688272905,38
~~,183,230,101,170,72,P,1448,9082,3676,32.8,36.1,T,1060404689272905,150
~~,183,230,101,173,72,P,1180,12901,-4249,36.1,30.7,T,1060404692272905,25
~~,183,230,101,174,72,P,1135,19159,783,30.3,31.6,T,1060404693272905,159
~~,183,230,101,175,72,P,1164,10074,1188,34.0,36.0,T,1060404694272905,169
~~,183,230,101,176,72,P,1084,4896,2558,34.5,34.2,T,1060404695272905,98
~~,183,230,101,177,72,P,1266,5728,4657,32.9,31.9,T,1060404696272905,193
~~,183,230,101,178,72,P,1307,6616,102,31.5,33.4,T,1060404697272905,102
~~,183,230,101,179,72,P,1119,15026,-270,34.7,34.1,T,1060404698272905,229
~~,183,230,101,180,72,P,1220,15487,982,34.4,36.3,T,1060404699272905,34
~~,183,230,101,181,72,P,1368,19331,-1018,30.9,32.3,T,1060404700272905,9
~~,183,230,101,182,72,P,1103,18082,-90,0.0,34.8,T,1060404701272905,129
~~,183,230,101,183,72,P,1016,19032,1231,33.5,35.4,T,1060404702272905,105
~~,183,230,101,184,72,P,1261,6112,-4149,35.2,31.6,T,1060404703272905,185
~~,183,230,101,185,72,P,1333,10434,914,35.4,33.2,T,1060404704272905,253
~~,183,230,101,186,72,P,1419,19780,4718,30.6,33.6,T,1060404705272905,175
~~,183,230,101,187,72,P,1478,6072,-2614,32.5,34.0,T,1060404706272905,78
~~,183,230,101,188,72,P,1395,13751,3076,34.0,35.5,T,1060404707272905,130
~~,183,230,101,189,72,P,1411,14615,-3189,30.6,31.3,T,1060404708272905,89
~~,183,230,101,190,72,P,1256,13345,-979,30.2,33.8,T,1060404709272905,157
~~,183,230,101,191,72,P,1314,2082,2558,30.2,32.1,T,1060404710272905,46
~~,183,230,101,192,72,P,1302,12882,3389,34.9,33.3,T,1060404711272905,207
~~,183,230,101,193,72,P,1330,10896,-1600,31.5,32.0,T,1060404712272905,170
~~,183,230,101,194,72,P,1287,2482,-398,32.1,34.4,T,1060404713272905,109
~~,183,230,101,195,72,P,1241,13940,3219,36.0,31.4,T,1060404714272905,227
~~,183,230,101,196,72,P,1119,5284,3719,32.3,32.3,T,1060404715272905,226
~~,183,230,101,197,72,P,1088,12323,3793,30.2,35.6,T,1060404716272905,125
~~,183,230,101,198,72,P,1091,7939,2052,31.7,34.3,T,1060404717272905,234
~~,183,230,101,199,72,P,1457,2652,-951,31.2,31.6,T,1060404718272905,139
~~,183,230,101,200,72,P,1391,9374,-2379,30.0,32.6,T,1060404719272905,123
~~,183,230,101,201,72,P,1106,17508,-3858,35.2,35.8,T,1060404720272905,153
~~,183,230,101,202,72,P,1065,2395,-2574,36.3,35.6,T,1060404721272905,98
~~,183,230,101,203,72,P,1355,19895,4658,35.2,30.3,T,1060404722272905,239
~~,183,230,101,204,72,P,1473,10217,-408,30.7,30.0,T,1060404723272905,233
~~,183,230,101,205,72,P,1395,6414,1549,30.2,30.1,T,1060404724272905,228
~~,183,230,101,206,72,P,1166,10549,-3493,35.7,33.8,T,1060404725272905,107
~~,183,230,101,207,72,P,1493,19726,-4732,30.6,35.7,T,1060404726272905,142
~~,183,230,101,208,72,P,1104,5973,4612,32.3,30.1,T,1060404727272905,243
~~,183,230,101,209,72,P,1158,8941,408,32.0,32.4,T,1060404728272905,240
~~,183,230,101,210,72,P,1392,14046,-3705,35.4,36.2,T,1060404729272905,71
~~,183,230,101,211,72,P,1001,9788,1694,33.5,34.8,T,1060404730272905,228
~~,183,230,101,212,72,P,1303,4731,-2113,36.1,32.4,T,1060404731272905,227
~~,183,230,101,213,72,P,1478,16809,4869,32.3,34.4,T,1060404732272905,244
~~,183,230,101,214,72,P,1407,9393,4970,34.5,36.0,T,1060404733272905,51
~~,183,230,101,215,72,P,1495,12107,911,30.3,31.8,T,1060404734272905,226
~~,183,230,101,216,72,P,1106,16684,81,36.2,36.0,T,1060404735272905,191
~~,183,230,101,217,72,P,1021,6019,-344,34.1,35.9,T,1060404736272905,22
~~,183,230,101,218,72,P,1275,8242,-649,32.3,33.2,T,1060404737272905,44
~~,183,230,101,219,72,P,1323,8063,812,33.8,35.7,T,1060404738272905,57
~~,183,230,101,220,72,P,1473,14592,880,32.8,34.4,T,1060404739272905,73
~~,183,230,101,221,72,P,1414,9906,-1406,32.8,31.0,T,1060404740272905,107
~~,183,230,101,222,72,P,1481,12489,3971,31.5,35.6,T,1060404741272905,62
~~,183,230,101,223,72,P,1255,8946,-3113,35.6,34.9,T,1060404742272905,25
~~,183,230,101,224,72,P,1354,6868,-3511,31.7,35.2,T,1060404743272905,251
~~,183,230,101,225,72,P,1018,8912,1736,34.2,34.6,T,1060404744272905,16
~~,183,230,101,226,72,P,1373,17142,-730,32.6,33.5,T,1060404745272905,153
~~,183,230,101,227,72,P,1191,6910,-1498,34.9,33.7,T,1060404746272905,199
~~,183,230,101,228,72,P,1128,14438,2119,33.2,30.3,T,1060404747272905,242
~~,183,230,101,229,72,P,1057,7792,-4954,33.1,31.9,T,1060404748272905,100
~~,183,230,101,230,72,P,1154,4378,-2511,33.3,33.8,T,1060404749272905,41
~~,183,230,101,231,72,P,1105,13970,-1218,30.4,33.5,T,1060404750272905,57
~~,183,230,101,232,72,P,1113,9468,-625,30.6,31.9,T,1060404751272905,2
~~,183,230,101,233,72,P,1071,7674,-4485,30.1,33.7,T,1060404752272905,184
~~,183,230,101,234,72,P,1281,5634,4390,32.4,32.7,T,1060404753272905,118
~~,183,230,101,235,72,P,1442,15550,2532,31.2,35.2,T,1060404754272905,158
~~,183,230,101,236,72,P,1270,12423,-4802,34.1,32.4,T,1060404755272905,189
~~,183,230,101,237,72,P,1188,14867,4759,33.1,30.5,T,1060404756272905,133
~~,183,230,101,238,72,P,1403,15915,-3935,35.8,35.7,T,1060404757272905,199
~~,183,230,101,239,72,P,1422,18693,-3640,30.7,34.7,T,1060404758272905,82
~~,183,230,101,240,72,P,1260,14503,-1030,30.1,35.3,T,1060404759272905,150
~~,183,230,101,241,72,P,1208,12517,527,35.9,30.1,T,1060404760272905,222
~~,183,230,101,242,72,P,1040,13719,-519,35.0,32.8,T,1060404761272905,69
~~,183,230,101,243,72,P,1439,6481,-739,32.7,36.2,T,1060404762272905,86
~~,183,230,101,244,72,P,1104,6788,-3637,34.2,33.6,T,1060404763272905,73
~~,183,230,101,245,72,P,1360,18361,-2299,34.8,30.0,T,1060404764272905,49
~~,183,230,101,246,72,P,1352,6963,-4096,35.1,35.3,T,1060404765272905,44
~~,183,230,101,247,72,P,1398,2500,1541,35.5,31.9,T,1060404766272905,240
~~,183,230,101,248,72,P,1187,7986,3546,31.9,33.8,T,1060404767272905,227
~~,183,230,101,249,72,P,1339,11762,-1397,35.3,30.2,T,1060404768272905,77
~~,183,230,101,250,72,P,1412,16207,-3313,33.4,34.4,T,1060404769272905,110
~~,183,230,101,251,72,P,1174,2011,4096,34.9,34.6,T,1060404770272905,88
~~,183,230,101,252,72,P,1278,4094,-329,35.0,33.7,T,1060404771272905,150
~~,183,230,101,253,72,P,1201,2161,-2660,35.4,31.4,T,1060404772272905,27
~~,183,230,101,254,72,P,1449,10336,-380,36.2,30.9,T,1060404773272905,140
~~,183,230,101,255,72,P,1174,12910,-837,32.2,32.0,T,1060404774272905,222
~~,183,230,101,0,72,P,1023,7188,-3273,31.5,31.1,T,1060404775272905,241
~~,183,230,101,1,72,P,1416,16655,4377,35.9,31.9,T,1060404776272905,125
~~,183,230,101,2,72,P,1323,4569,620,35.0,32.1,T,1060404777272905,113
~~,183,230,101,3,72,P,1145,10127,1033,33.5,32.7,T,1060404778272905,48
~~,183,230,101,4,72,P,1481,19014,-4026,32.1,35.7,T,1060404779272905,58
~~,183,230,101,5,72,P,1048,16246,1874,34.8,31.1,T,1060404780272905,35
~~,183,230,101,6,72,P,1042,2779,3832,36.2,30.1,T,1060404781272905,182
~~,183,230,101,7,72,P,1264,9193,2468,35.5,34.6,T,1060404782272905,82
~~,183,230,101,8,72,P,1338,12501,-3784,34.5,33.1,T,1060404783272905,25
~~,183,230,101,9,72,P,1231,10414,3943,31.8,34.5,T,1060404784272905,224
~~,183,230,101,10,72,P,1206,15908,4756,33.9,31.8,T,1060404785272905,177
~~,183,230,101,11,72,P,1039,6059,-1758,36.1,35.7,T,1060404786272905,180
~~,183,230,101,12,72,P,1223,3062,-2568,30.5,33.5,T,1060404787272905,167
~~,183,230,101,13,72,P,1399,4588,4597,33.6,30.8,T,1060404788272905,73
~~,183,230,101,14,72,P,1031,11945,-3067,32.7,30.9,T,1060404789272905,99
~~,183,230,101,15,72,P,1238,16048,1731,31.4,34.0,T,1060404790272905,9
~~,183,230,101,16,72,P,1470,11525,375,33.6,31.2,T,1060404791272905,161
~~,183,230,101,17,72,P,1289,10655,-3772,30.2,36.1,T,1060404792272905,96
~~,183,230,101,18,72,P,1284,5929,4334,34.0,31.2,T,1060404793272905,156
~~,183,230,101,19,72,P,1185,3659,-1946,31.7,32.2,T,1060404794272905,2
~~,183,230,101,20,72,P,1428,18816,-657,35.5,31.0,T,1060404795272905,228
~~,183,230,101,21,72,P,1224,2294,-351,36.2,32.8,T,1060404796272905,156
~~,183,230,101,22,72,P,1305,2165,3570,36.2,35.6,T,1060404797272905,189
~~,183,230,101,23,72,P,1471,8538,-1108,32.9,31.7,T,1060404798272905,39
~~,183,230,101,24,72,P,1385,3311,-4238,33.9,32.4,T,1060404799272905,160
~~,183,230,101,25,72,P,1417,19225,1894,31.0,33.0,T,1060404800272905,142
~~,183,230,101,26,72,P,1494,7850,-3626,30.9,34.9,T,1060404801272905,223
~~,183,230,101,27,72,P,1324,13537,3591,36.3,30.1,T,1060404802272905,86
~~,183,230,101,28,72,P,1034,12669,-2101,33.9,32.4,T,1060404803272905,161
~~,183,230,101,29,72,P,1093,18698,754,30.3,31.1,T,1060404804272905,45
~~,183,230,101,30,72,P,1250,2939,4269,31.9,34.8,T,1060404805272905,205
~~,183,230,101,31,72,P,1269,5596,3645,34.1,33.7,T,1060404806272905,36
~~,183,230,101,32,72,P,1041,10428,-2206,31.1,30.4,T,1060404807272905,179
~~,183,230,101,33,72,P,1012,2492,1848,33.4,35.1,T,1060404808272905,49
~~,183,230,101,34,72,P,1313,12783,3628,32.7,36.3,T,1060404809272905,21
~~,183,230,101,35,72,P,1154,19080,-303,32.0,31.1,T,1060404810272905,22
~~,183,230,101,36,72,P,1154,9626,-4560,34.2,32.7,T,1060404811272905,33
~~,183,230,101,37,72,P,1347,3020,2569,30.9,30.0,T,1060404812272905,251
~~,183,230,101,38,72,P,1242,4033,-1126,30.2,33.3,T,1060404813272905,62
~~,183,230,101,39,72,P,1316,17558,-90,35.9,35.8,T,1060404814272905,245
~~,183,230,101,40,72,P,1370,12614,-1361,34.1,34.7,T,1060404815272905,168
~~,183,230,101,41,72,P,1293,14440,2893,33.6,32.0,T,1060404816272905,170
~~,183,230,101,42,72,P,1038,18110,4621,32.2,34.3,T,1060404817272905,228
~~,183,230,101,43,72,P,1309,19624,2213,35.2,32.5,T,1060404818272905,184
~~,183,230,101,44,72,P,1137,12023,4841,33.4,34.2,T,1060404819272905,84
~~,183,230,101,45,72,P,1287,3841,-2238,35.8,34.8,T,1060404820272905,227
~~,183,230,101,46,72,P,1147,3810,539,32.3,33.0,T,1060404821272905,79
~~,183,230,101,47,72,P,1180,14957,-3006,35.7,34.0,T,1060404822272905,160
~~,183,230,101,48,72,P,1126,4010,2088,30.3,31.5,T,1060404823272905,134
~~,183,230,101,49,72,P,1004,5824,3107,34.0,35.5,T,1060404824272905,5
~~,183,230,101,50,72,P,1007,3461,3847,35.1,34.0,T,1060404825272905,209
~~,183,230,101,51,72,P,1465,9725,300,33.3,33.7,T,1060404826272905,225
~~,183,230,101,52,72,P,1460,4711,1742,35.9,33.0,T,1060404827272905,65
~~,183,230,101,53,72,P,1394,4801,-4027,32.2,33.7,T,1060404828272905,83
~~,183,230,101,54,72,P,1175,6102,1010,34.1,32.0,T,1060404829272905,193
~~,183,230,101,55,72,P,1414,2981,-874,32.7,33.8,T,1060404830272905,219
~~,183,230,101,56,72,P,1400,14371,-4078,34.6,32.1,T,1060404831272905,57
~~,183,230,101,57,72,P,1270,9193,725,30.8,31.8,T,1060404832272905,204
~~,183,230,101,58,72,P,1027,5186,3331,36.3,32.5,T,1060404833272905,108
~~,183,230,101,59,72,P,1050,7931,-3053,32.3,34.9,T,1060404834272905,24
~~,183,230,101,60,72,P,1498,19245,2777,36.2,30.8,T,1060404835272905,140
~~,183,230,101,61,72,P,1461,13046,-3735,34.3,35.3,T,1060404836272905,217
~~,183,230,101,62,72,P,1055,7307,790,34.2,35.9,T,1060404837272905,159
~~,183,230,101,63,72,P,1157,14967,-3819,30.0,30.0,T,1060404838272905,20
~~,183,230,101,64,72,P,1436,15073,-3749,34.5,31.2,T,1060404839272905,129
~~,183,230,101,65,72,P,1337,15346,-2209,31.9,33.6,T,1060404840272905,55
~~,183,230,101,66,72,P,1470,16357,-3338,31.5,36.3,T,1060404841272905,128
~~,183,230,101,67,72,P,1379,4156,-4025,33.9,36.3,T,1060404842272905,185
~~,183,230,101,68,72,P,1430,16604,-2693,30.8,36.1,T,1060404843272905,11
~~,183,230,101,69,72,P,1180,4433,3363,35.7,32.9,T,1060404844272905,92
~~,183,230,101,70,72,P,1372,9235,-4852,33.1,35.0,T,1060404845272905,112
~~,183,230,101,71,72,P,1423,3185,-1496,32.7,34.1,T,1060404846272905,72
~~,183,230,101,72,72,P,1379,11091,-2919,33.6,33.1,T,1060404847272905,119
~~,183,230,101,73,72,P,1082,18705,4524,31.4,31.6,T,1060404848272905,39
~~,183,230,101,74,72,P,1495,6843,3111,36.0,35.5,T,1060404849272905,177
~~,183,230,101,75,72,P,1457,17284,768,31.9,34.2,T,1060404850272905,184
~~,183,230,101,76,72,P,1151,19948,4456,30.4,36.0,T,1060404851272905,110
~~,183,230,101,77,72,P,1203,5901,-1431,30.1,32.2,T,1060404852272905,251
~~,183,230,101,78,72,P,1210,13650,4100,32.0,33.7,T,1060404853272905,44
~~,183,230,101,79,72,P,1497,16236,3713,31.5,35.0,T,1060404854272905,210
~~,183,230,101,80,72,P,1365,11502,617,33.0,36.1,T,1060404855272905,95
~~,183,230,101,81,72,P,1011,3500,2583,31.2,35.1,T,1060404856272905,247
~~,183,230,101,82,72,P,1049,17807,-178,30.1,36.2,T,1060404857272905,247
~~,183,230,101,83,72,P,1417,18450,-1091,36.2,30.8,T,1060404858272905,251
~~,183,230,101,84,72,P,1109,14427,4651,30.4,33.5,T,1060404859272905,255
~~,183,230,101,85,72,P,1465,11667,4179,34.1,31.1,T,1060404860272905,166
~~,183,230,101,86,72,P,1202,4629,-352,30.7,30.9,T,1060404861272905,157
~~,183,230,101,87,72,P,1325,6053,-3923,35.4,32.5,T,1060404862272905,188
~~,183,230,101,88,72,P,1054,4719,4622,34.6,30.7,T,1060404863272905,12
~~,183,230,101,89,72,P,1344,9740,2517,32.1,31.6,T,1060404864272905,247
~~,183,230,101,90,72,P,1325,7923,1614,31.1,32.4,T,1060404865272905,36
~~,183,230,101,91,72,P,1179,2517,-494,33.7,31.6,T,1060404866272905,138
~~,183,230,101,92,72,P,1361,4214,4297,34.8,30.5,T,1060404867272905,208
~~,183,230,101,93,72,P,1005,15837,3285,36.0,34.2,T,1060404868272905,214
~~,183,230,101,94,72,P,1249,19324,4014,31.3,34.6,T,1060404869272905,240
~~,183,230,101,95,72,P,1167,10969,1608,33.2,31.3,T,1060404870272905,241
~~,183,230,101,96,72,P,1014,15632,84,31.8,34.5,T,1060404871272905,151
~~,183,230,101,97,72,P,1008,15590,2034,36.3,36.0,T,1060404872272905,84
~~,183,230,101,98,72,P,1178,10067,4483,30.0,30.0,T,1060404873272905,158
~~,183,230,101,99,72,P,1283,6161,1661,34.6,31.1,T,1060404874272905,203
~~,183,230,101,100,72,P,1139,15447,4104,34.2,34.3,T,1060404875272905,175
~~,183,230,101,101,72,P,1376,7494,4300,35.4,30.3,T,1060404876272905,182
~~,183,230,101,102,72,P,1460,9309,-578,34.8,32.3,T,1060404877272905,195
~~,183,230,101,103,72,P,1346,8816,2542,30.8,33.1,T,1060404878272905,118
~~,183,230,101,104,72,P,1300,6144,-324,32.6,33.9,T,1060404879272905,175
~~,183,230,101,105,72,P,1422,5931,-2100,33.3,34.4,T,1060404880272905,99
~~,183,230,101,106,72,P,1178,16387,-3210,31.1,33.1,T,1060404881272905,65
~~,183,230,101,107,72,P,1491,9542,-2033,34.5,34.1,T,1060404882272905,131
~~,183,230,101,108,72,P,1231,7572,82,30.8,36.3,T,1060404883272905,116
~~,183,230,101,109,72,P,1011,17538,-554,31.6,33.0,T,1060404884272905,65
~~,183,230,101,110,72,P,1375,12449,-584,31.8,35.6,T,1060404885272905,55
~~,183,230,101,111,72,P,1397,11269,3673,32.1,33.4,,1060404886272905,144
~~,183,230,101,112,72,P,1182,12593,3807,35.0,33.5,T,1060404887272905,1
~~,183,230,101,113,72,P,1315,19002,-2572,32.7,30.7,T,1060404888272905,252
~~,183,230,101,114,72,P,1050,15762,-3910,35.5,30.3,T,1060404889272905,80
~~,183,230,101,115,72,P,1200,9793,-4968,32.2,32.0,T,1060404890272905,198
~~,183,230,101,116,72,P,1302,8276,2445,35.7,33.7,T,1060404891272905,122
~~,183,230,101,117,72,P,1029,4585,629,30.0,32.3,T,1060404892272905,216
~~,183,230,101,120,72,P,1299,19663,2537,35.3,34.1,T,1060404895272905,47
~~,183,230,101,121,72,P,1191,13971,3936,35.6,33.0,T,1060404896272905,229
~~,183,230,101,122,72,P,1426,6899,-1137,31.8,33.8,T,1060404897272905,38
~~,183,230,101,123,72,P,1242,13555,466,33.8,34.7,T,1060404898272905,205
~~,183,230,101,124,72,P,1379,18864,-4354,36.3,31.5,T,1060404899272905,205
~~,183,230,101,125,72,P,1396,10756,889,35.1,31.3,T,1060404900272905,113
~~,183,230,101,126,72,P,1304,2870,4110,34.4,34.1,T,1060404901272905,113
~~,183,230,101,127,72,P,1262,16705,2274,35.1,33.6,T,1060404902272905,251
~~,183,230,101,128,72,P,1226,6503,3863,36.2,32.7,T,1060404903272905,81
~~,183,230,101,129,72,P,1186,7705,-3802,36.3,31.5,T,1060404904272905,72
~~,183,230,101,130,72,P,1410,17039,1871,30.5,35.7,T,1060404905272905,12
~~,183,230,101,131,72,P,1212,5185,-4359,33.4,35.5,T,1060404906272905,17
~~,183,230,101,132,72,P,1219,14549,2161,35.1,34.3,T,1060404907272905,41
~~,183,230,101,133,72,P,1200,9807,-3546,30.8,31.6,T,1060404908272905,231
~~,183,230,101,134,72,P,1130,12290,-2687,32.4,32.5,T,1060404909272905,103
~~,183,230,101,135,72,P,1385,3046,-1028,35.5,33.2,T,1060404910272905,111
~~,183,230,101,136,72,P,1468,6455,-4609,33.9,33.0,T,1060404911272905,71
~~,183,230,101,137,72,P,1109,18840,-225,35.1,36.2,T,1060404912272905,44
~~,183,230,101,138,72,P,1170,8180,-764,34.7,30.0,T,1060404913272905,138
~~,183,230,101,139,72,P,1134,17631,2081,36.0,33.3,T,1060404914272905,182
~~,183,230,101,140,72,P,1071,14283,4083,35.2,33.7,T,1060404915272905,175
~~,183,230,101,141,72,P,1201,12748,2513,31.4,34.7,T,1060404916272905,226
~~,183,230,101,142,72,P,1400,5579,3835,35.6,30.1,T,1060404917272905,122
~~,183,230,101,143,72,P,1109,3718,-873,33.3,32.6,T,1060404918272905,204
~~,183,230,101,144,72,P,1242,6612,1206,30.8,32.0,T,1060404919272905,83
~~,183,230,101,145,72,P,1042,3479,-1224,30.7,30.2,T,1060404920272905,107
~~,183,230,101,146,72,P,1054,6703,-3716,32.8,31.0,T,1060404921272905,209
~~,183,230,101,147,72,P,1404,9671,4351,34.5,35.6,T,1060404922272905,92
~~,183,230,101,148,72,P,1468,15326,-1130,31.2,33.5,T,1060404923272905,16
~~,183,230,101,149,72,P,1324,9061,1656,32.4,34.4,T,1060404924272905,156
~~,183,230,101,150,72,P,1088,5950,2742,31.3,33.1,T,1060404925272905,0
~~,183,230,101,151,72,P,1299,17762,-1681,30.2,32.0,T,1060404926272905,182
~~,183,230,101,152,72,P,1462,14777,4554,35.4,31.5,T,1060404927272905,146
~~,183,230,101,153,72,P,1470,11083,1771,34.9,30.8,T,1060404928272905,105
~~,183,230,101,154,72,P,1085,14475,51,31.2,30.4,T,1060404929272905,243
~~,183,230,101,155,72,P,1373,18528,-1603,33.5,30.4,T,1060404930272905,193
~~,183,230,101,156,72,P,1301,5547,2519,30.4,35.5,T,1060404931272905,32
~~,183,230,101,157,72,P,1375,18745,-2276,31.7,30.1,T,1060404932272905,119
~~,183,230,101,158,72,P,1122,2161,2200,31.9,36.1,T,1060404933272905,33
~~,183,230,101,159,72,P,1479,7838,4497,31.8,36.2,T,1060404934272905,228
~~,183,230,101,160,72,P,1145,13456,1645,31.0,34.0,T,1060404935272905,229
~~,183,230,101,161,72,P,1102,9829,-3431,30.5,35.6,T,1060404936272905,147
~~,183,230,101,162,72,P,1251,9343,-794,34.1,35.6,T,1060404937272905,217
~~,183,230,101,163,72,P,1247,8383,-776,33.2,30.0,T,1060404938272905,62
~~,183,230,101,164,72,P,1421,9886,1110,30.0,32.9,T,1060404939272905,180
~~,183,230,101,165,72,P,1320,16836,4583,30.1,30.4,T,1060404940272905,191
~~,183,230,101,166,72,P,1274,12330,-1257,35.4,34.3,T,1060404941272905,145
~~,183,230,101,167,72,P,1444,12761,-687,32.4,32.5,T,1060404942272905,152
~~,183,230,101,168,72,P,1282,5292,-1953,34.8,30.7,T,1060404943272905,226
~~,183,230,101,169,72,P,1496,7346,-1424,32.6,32.0,T,1060404944272905,96
~~,183,230,101,170,72,P,1224,9298,-3792,32.8,30.6,T,1060404945272905,140
~~,183,230,101,171,72,P,1006,19523,-1221,34.5,35.0,T,1060404946272905,105
~~,183,230,101,172,72,P,1301,8436,985,30.4,32.9,T,1060404947272905,193
~~,183,230,101,173,72,P,1324,15515,-1305,34.4,35.8,T,1060404948272905,10
~~,183,230,101,174,72,P,1390,5827,-3464,33.7,30.8,T,1060404949272905,228
~~,183,230,101,175,72,P,1255,3984,-4193,34.1,35.1,T,1060404950272905,192
~~,183,230,101,176,72,P,1210,2188,2456,30.7,34.7,T,1060404951272905,121
~~,183,230,101,177,72,P,1070,17038,2600,31.8,34.6,T,1060404952272905,155
~~,183,230,101,178,72,P,1452,10727,-960,32.7,32.5,T,1060404953272905,76
~~,183,230,101,179,72,P,1397,11365,4150,30.7,30.4,T,1060404954272905,142
~~,183,230,101,180,72,P,1428,13078,4309,30.8,35.1,T,1060404955272905,86
~~,183,230,101,181,72,P,1023,19811,-1576,31.3,30.5,T,1060404956272905,48
~~,183,230,101,182,72,P,1050,15109,577,31.9,33.0,T,1060404957272905,97
~~,183,230,101,183,72,P,1395,12105,233,30.1,35.4,T,1060404958272905,144
~~,183,230,101,184,72,P,1045,12455,-1641,36.1,34.5,T,1060404959272905,36
~~,183,230,101,185,72,P,1368,17832,4218,33.0,32.3,T,1060404960272905,114
~~,183,230,101,186,72,P,1006,8270,4064,30.4,30.4,T,1060404961272905,146
~~,183,230,101,187,72,P,1486,17979,1491,31.0,30.1,T,1060404962272905,30
~~,183,230,126,188,72,P,1133,5356,-259,34.6,35.7,T,1060404963272905,240
~~,183,230,101,189,72,P,1342,6966,-2998,35.6,35.2,T,1060404964272905,242
~~,183,230,101,190,72,P,1271,12289,-3693,34.5,36.0,T,1060404965272905,133
~~,183,230,101,191,72,P,1455,10836,3152,36.3,35.8,T,1060404966272905,4
~~,183,230,101,192,72,P,1368,4894,4010,36.2,31.5,T,1060404967272905,229
~~,183,230,101,193,72,P,1036,7750,1769,31.8,33.4,T,1060404968272905,79
~~,183,230,101,194,72,P,1377,13465,396,30.0,33.9,T,1060404969272905,109
~~,183,230,101,195,72,P,1082,18940,-1221,36.1,32.7,T,1060404970272905,176
~~,183,230,101,196,72,P,1347,8681,-3044,31.0,33.1,T,1060404971272905,164
~~,183,230,101,197,72,P,1440,8180,4609,30.6,34.8,T,1060404972272905,155
~~,183,230,101,198,72,P,1395,8431,4431,33.8,30.4,T,1060404973272905,249
~~,183,230,101,199,72,P,1083,15630,4239,34.1,33.8,T,1060404974272905,255
~~,183,230,101,200,72,P,1195,4850,-4778,35.4,32.3,T,1060404975272905,162
~~,183,230,101,201,72,P,1421,10238,1858,32.2,34.1,T,1060404976272905,19
~~,183,230,101,202,72,P,1016,2364,-2649,35.0,33.1,T,1060404977272905,146
~~,183,230,101,203,72,P,1282,10669,3575,32.2,33.8,T,1060404978272905,15
~~,183,230,101,204,72,P,1302,19620,-232,31.7,34.4,T,1060404979272905,59
~~,183,230,101,205,72,P,1178,8118,-3491,33.5,33.9,T,1060404980272905,251
~~,183,230,101,206,72,P,1350,11817,-4429,30.8,30.9,T,1060404981272905,32
~~,183,230,101,207,72,P,1166,3822,-4991,30.2,32.8,T,1060404982272905,201
~~,183,230,101,208,72,P,1197,14831,-3348,35.0,32.5,T,1060404983272905,78
~~,183,230,101,209,72,P,1078,6193,-3598,34.5,32.8,T,1060404984272905,14
~~,183,230,101,210,72,P,1478,5424,4378,35.5,30.7,T,1060404985272905,177
~~,183,230,101,211,72,P,1407,8126,2857,31.8,33.4,T,1060404986272905,207
~~,183,230,101,212,72,P,1409,19664,2556,30.3,30.6,T,1060404987272905,86
~~,183,230,101,213,72,P,1194,7436,-2409,34.7,35.2,T,1060404988272905,172
~~,183,230,101,214,72,P,1421,7748,301,35.4,32.9,T,1060404989272905,107
~~,183,230,101,215,72,P,1104,16133,-549,34.0,36.3,T,1060404990272905,119
~~,183,230,101,216,72,P,1266,5261,3049,34.9,33.5,T,1060404991272905,221
~~,183,230,101,217,72,P,1031,14165,3573,31.3,35.4,T,1060404992272905,77
~~,183,230,101,218,72,P,1067,6449,-4118,35.4,31.8,T,1060404993272905,252
~~,183,230,101,219,72,P,1451,16602,738,30.5,32.4,T,1060404994272905,56
~~,183,230,101,220,72,P,1414,7969,-2475,33.6,34.2,T,1060404995272905,13
~~,183,230,101,221,72,P,1161,8823,-342,31.0,34.4,T,1060404996272905,218
~~,183,230,101,222,72,P,1344,17529,-3203,34.4,31.7,T,1060404997272905,156
~~,183,230,101,223,72,P,1426,9337,1224,30.6,33.7,T,1060404998272905,142
~~,183,230,101,224,72,P,1111,7307,1727,33.3,36.1,T,1060404999272905,2
~~,183,230,101,225,72,P,1251,5150,1974,34.4,31.1,T,1060405000272905,135
~~,183,230,101,226,72,P,1278,2209,-3828,35.1,30.4,T,1060405001272905,34
~~,183,230,101,227,72,P,1053,11691,219,30.6,30.4,T,1060405002272905,145
~~,183,230,101,228,72,P,1354,5225,-2652,35.8,31.9,T,1060405003272905,43
~~,183,230,101,229,72,P,1027,4698,-164,30.7,35.1,T,1060405004272905,65
~~,183,230,101,230,72,P,1189,7463,3935,31.4,30.1,T,1060405005272905,77
~~,183,230,101,231,72,P,1405,16454,3316,35.2,31.3,T,1060405006272905,220
~~,183,230,101,232,72,P,1102,7373,2748,35.0,31.1,T,1060405007272905,85
~~,183,230,101,233,72,P,1084,13092,-673,34.6,34.9,T,1060405008272905,173
~~,183,230,101,234,72,P,1135,19571,913,30.7,30.3,T,1060405009272905,157
~~,183,230,101,235,72,P,1421,18066,-3560,31.2,30.4,T,1060405010272905,87
~~,183,230,101,236,72,P,1388,13709,-3064,35.9,31.9,T,1060405011272905,203
~~,183,230,101,237,72,P,1100,5837,2481,35.5,34.6,T,1060405012272905,98
~~,183,230,101,238,72,P,1208,6303,4097,34.3,33.7,T,1060405013272905,78
~~,183,230,101,239,72,P,1225,17257,-1431,33.9,31.6,T,1060405014272905,125
~~,183,230,101,240,72,P,1155,3319,1112,32.4,35.4,T,1060405015272905,202
~~,183,230,101,241,72,P,1430,15395,4135,30.3,35.6,T,1060405016272905,254
~~,183,230,101,242,72,P,1262,6708,3213,36.2,32.5,T,1060405017272905,168
~~,183,230,101,243,72,P,1420,19273,3877,30.0,32.2,T,1060405018272905,215
~~,183,230,101,244,72,P,1291,18304,2488,35.3,34.5,T,1060405019272905,186
~~,183,230,101,245,72,P,1461,2329,4245,34.7,33.4,T,1060405020272905,78
~~,183,230,101,246,72,P,1146,15068,1313,31.0,36.0,T,1060405021272905,142
~~,183,230,101,247,72,P,1040,8269,777,30.0,31.3,T,1060405022272905,98
~~,183,230,101,248,72,P,1180,10170,-368,32.3,35.9,T,1060405023272905,9
~~,183,230,101,249,72,P,1385,14014,-1697,34.0,30.8,T,1060405024272905,236
~~,183,230,101,250,72,P,1070,5247,1974,30.9,31.0,T,1060405025272905,175
~~,183,230,101,251,72,P,1393,4042,768,36.1,32.6,T,1060405026272905,9
~~,183,230,101,252,72,P,1475,16351,408,31.4,34.1,T,1060405027272905,106
~~,183,230,101,253,72,P,1075,12202,-2183,31.3,35.4,T,1060405028272905,200
~~,183,230,101,254,72,P,1250,3242,-968,34.9,31.2,T,1060405029272905,236
~~,183,230,101,255,72,P,1193,14979,-3215,30.0,36.0,T,1060405030272905,93
~~,183,230,101,0,72,P,1263,11315,3181,32.7,34.7,T,1060405031272905,191
~~,183,230,101,1,72,P,1059,18400,1867,35.5,30.0,T,1060405032272905,106
~~,183,230,101,2,72,P,1407,12227,2694,33.5,32.1,T,1060405033272905,113
~~,183,230,101,3,72,P,1011,15518,412,30.4,35.7,T,1060405034272905,115
~~,183,230,101,4,72,P,1188,13573,1158,30.4,32.7,T,1060405035272905,255
~~,183,230,101,5,72,P,1449,16157,-3662,36.3,30.8,T,1060405036272905,3
~~,183,230,101,6,72,P,1442,13913,3480,31.0,36.3,T,1060405037272905,65
~~,183,230,101,7,72,P,1354,14045,-473,32.2,31.4,T,1060405038272905,40
~~,183,230,101,8,72,P,1455,15723,-797,34.4,35.0,T,1060405039272905,167
~~,183,230,101,9,72,P,1448,9583,1720,35.4,31.5,T,1060405040272905,105
~~,183,230,101,10,72,P,1375,10445,-2277,32.9,33.9,T,1060405041272905,108
~~,183,230,101,11,72,P,1241,15653,-3537,31.6,36.0,T,1060405042272905,221
~~,183,230,101,12,72,P,1442,2024,3118,32.2,31.8,T,1060405043272905,254
~~,183,230,101,13,72,P,1364,4825,2868,33.9,35.8,T,1060405044272905,127
~~,183,230,101,14,72,P,1184,3113,2843,32.4,35.0,T,1060405045272905,135
~~,183,230,101,15,72,P,1280,18000,-2823,30.3,32.5,T,1060405046272905,154
~~,183,230,101,16,72,P,1306,4779,206,36.3,31.7,T,1060405047272905,177
~~,183,230,101,17,72,P,1116,14046,-2351,34.5,31.7,T,1060405048272905,159
~~,183,230,101,18,72,P,1465,11516,2923,32.6,34.8,T,1060405049272905,224
~~,183,230,101,19,72,P,1403,2909,-702,31.4,31.9,T,1060405050272905,172
~~,183,230,101,20,72,P,1015,10869,-3064,34.5,0.0,T,1060405051272905,123
~~,183,230,101,21,72,P,1308,18561,2607,34.4,36.2,T,1060405052272905,65
~~,183,230,101,22,72,P,1360,12569,236,34.8,32.6,T,1060405053272905,103
~~,183,230,101,23,72,P,1497,4436,-3027,31.5,34.3,T,1060405054272905,12
~~,183,230,101,24,72,P,1039,19433,-2865,31.6,35.9,T,1060405055272905,194
~~,183,230,101,25,72,P,1485,6557,-2098,34.3,33.2,T,1060405056272905,236
~~,183,230,101,26,72,P,1383,2340,-4084,30.0,34.3,T,1060405057272905,50
~~,183,230,101,27,72,P,1342,11146,3586,34.4,34.8,T,1060405058272905,252
~~,183,230,101,28,72,P,1136,4829,4859,31.3,31.6,T,1060405059272905,64
~~,183,230,101,29,72,P,1078,5249,2606,30.6,31.1,T,1060405060272905,34
~~,183,230,101,30,72,P,1492,9357,1947,36.0,32.2,T,1060405061272905,42
~~,183,230,101,31,72,P,1068,6644,-3975,35.1,31.1,T,1060405062272905,48
~~,183,230,101,32,72,P,1220,9217,2165,36.1,33.9,T,1060405063272905,180
~~,183,230,101,33,72,P,1114,14728,1845,30.5,34.2,T,1060405064272905,101
~~,183,230,101,34,72,P,1159,4858,-2720,34.2,34.5,T,1060405065272905,26
~~,183,230,101,35,72,P,1302,3127,2826,35.7,34.5,T,1060405066272905,241
~~,183,230,101,36,72,P,1499,14711,-446,30.0,31.7,T,1060405067272905,87
~~,183,230,101,37,72,P,1089,18572,-4116,33.2,31.5,T,1060405068272905,130
~~,183,230,101,38,72,P,1407,13015,684,35.1,32.6,T,1060405069272905,139
~~,183,230,101,39,72,P,1090,3873,-315,31.8,35.3,T,1060405070272905,0
~~,183,230,101,40,72,P,1423,18145,2543,30.0,30.7,T,1060405071272905,52
~~,183,230,101,41,72,P,1030,5340,-4192,34.3,32.5,T,1060405072272905,142
~~,183,230,101,42,72,P,1056,11487,665,33.7,31.8,T,1060405073272905,200
~~,183,230,101,43,72,P,1207,2208,-843,31.8,34.0,T,1060405074272905,232
~~,183,230,101,44,72,P,1491,5643,-378,32.0,33.2,T,1060405075272905,243
~~,183,230,101,45,72,P,1264,9155,4759,33.4,35.1,T,1060405076272905,57
~~,183,230,101,46,72,P,1355,2929,-4179,36.3,30.3,T,1060405077272905,213
~~,183,230,101,47,72,P,1301,9991,2435,35.9,36.1,T,1060405078272905,159
~~,183,230,101,48,72,P,1361,16847,-2022,35.7,30.0,T,1060405079272905,168
~~,183,230,101,49,72,P,1155,8602,3864,35.2,31.7,T,1060405080272905,24
~~,183,230,101,50,72,P,1240,16202,-560,30.3,30.2,T,1060405081272905,253
~~,183,230,101,51,72,P,1331,3221,2916,32.3,30.3,T,1060405082272905,63
~~,183,230,101,52,72,P,1013,16770,-411,33.8,30.6,T,1060405083272905,197
~~,183,230,101,53,72,P,1205,6365,-4667,35.8,35.9,T,1060405084272905,167
~~,183,230,101,54,72,P,1375,14117,4590,35.8,30.2,T,1060405085272905,239
~~,183,230,101,55,72,P,1414,16565,-2579,35.3,35.5,T,1060405086272905,137
~~,183,230,101,56,72,P,1168,3734,-4280,34.6,34.5,T,1060405087272905,251
~~,183,230,101,57,72,P,1176,15748,-726,34.8,31.1,T,1060405088272905,115
~~,183,230,101,58,72,P,1299,10025,1070,35.3,35.5,T,1060405089272905,153
~~,183,230,101,59,72,P,1079,14439,2794,33.8,34.8,T,1060405090272905,233
~~,183,230,101,60,72,P,1157,6599,-126,31.3,33.7,T,1060405091272905,95
~~,183,230,101,61,72,P,1291,2214,-2623,30.6,30.1,T,1060405092272905,109
~~,183,230,101,62,72,P,1340,11862,-346,30.8,33.8,T,1060405093272905,190
~~,183,230,101,63,72,P,1057,5165,-821,35.7,34.5,T,1060405094272905,48
~~,183,230,101,64,72,P,1473,17093,-4963,36.0,35.5,T,1060405095272905,103
~~,183,230,101,65,72,P,1054,13021,794,31.1,34.3,T,1060405096272905,25
~~,183,230,101,66,72,P,1184,9065,-1197,34.4,35.2,T,1060405097272905,44
~~,183,230,101,67,72,P,1367,16984,-3532,31.0,32.8,T,1060405098272905,54
~~,183,230,101,68,72,P,1400,11425,1150,35.3,31.9,T,1060405099272905,210
~~,183,230,101,69,72,P,1377,2595,4254,34.8,31.7,T,1060405100272905,209
~~,183,230,101,70,72,P,1373,9023,2862,31.2,33.9,T,1060405101272905,144
~~,183,230,101,71,72,P,1073,14469,3293,34.9,30.9,T,1060405102272905,25
~~,183,230,101,72,72,P,1155,3839,798,30.5,32.4,T,1060405103272905,202
~~,183,230,101,73,72,P,1206,18317,2408,30.4,33.7,T,1060405104272905,225
~~,183,230,101,74,72,P,1380,13778,4547,35.1,30.1,T,1060405105272905,254
~~,183,230,101,75,72,P,1355,16005,-3336,31.5,30.3,T,1060405106272905,213
~~,183,230,101,76,72,P,1491,18917,4886,32.1,35.7,T,1060405107272905,213
~~,183,230,101,77,72,P,1435,3769,4800,33.3,32.7,T,1060405108272905,74
~~,183,230,101,78,72,P,1222,10686,3332,34.5,30.3,T,1060405109272905,58
~~,183,230,101,79,72,P,1278,10963,4815,33.3,33.6,T,1060405110272905,117
~~,183,230,101,80,72,P,1023,12973,-972,32.3,31.4,T,1060405111272905,210
~~,183,230,101,81,72,P,1452,4862,-2488,31.2,30.3,T,1060405112272905,102
~~,183,230,101,82,72,P,1461,12807,-1385,30.2,30.5,T,1060405113272905,86
~~,183,230,101,83,72,P,1347,4520,1713,31.5,33.7,T,1060405114272905,99
~~,183,230,101,84,72,P,1446,4654,4593,35.1,32.3,T,1060405115272905,134
~~,183,230,101,85,72,P,1403,13074,-2309,31.9,30.9,T,1060405116272905,87
~~,183,230,101,86,72,P,1423,6667,215,31.6,35.1,T,1060405117272905,196
~~,183,230,101,87,72,P,1405,5535,4736,32.6,31.0,T,1060405118272905,25
~~,183,230,101,88,72,P,1341,18347,-2018,33.2,33.7,T,1060405119272905,228
~~,183,230,101,89,72,P,1209,12820,2176,30.1,32.5,T,1060405120272905,58
~~,183,230,101,90,72,P,1238,3805,-3051,31.4,30.5,T,1060405121272905,108
~~,183,230,101,91,72,P,1424,18954,-2836,30.8,31.4,T,1060405122272905,220
~~,183,230,101,92,72,P,1090,8370,-8907,32.9,35.2,T,1060405123272905,127
~~,183,230,101,93,72,P,1328,6447,306,35.2,30.5,T,1060405124272905,172
~~,183,230,101,94,72,P,1031,17026,-1958,33.4,34.0,T,1060405125272905,152
~~,183,230,101,95,72,P,1033,15279,-3126,31.2,36.2,T,1060405126272905,115
~~,183,230,101,96,72,P,1255,13180,-3243,32.4,30.6,T,1060405127272905,223
~~,183,230,101,97,72,P,1494,8801,-3511,32.5,31.9,T,1060405128272905,134
~~,183,230,101,98,72,P,1105,12959,-2571,30.9,31.7,T,1060405129272905,142
~~,183,230,101,99,72,P,1081,14928,2664,31.3,35.4,T,1060405130272905,170
~~,183,230,101,100,72,P,1479,18283,-3753,32.1,31.4,T,1060405131272905,171
~~,183,230,101,101,72,P,1078,5844,-914,31.5,33.2,T,1060405132272905,67
~~,183,230,101,102,72,P,1293,3687,740,32.2,35.9,T,1060405133272905,176
~~,183,230,101,103,72,P,1149,9070,-3188,32.9,30.8,T,1060405134272905,38
~~,183,230,101,104,72,P,1404,8225,4756,30.3,30.4,T,1060405135272905,219
~~,183,230,101,105,72,P,1088,18809,-3522,33.6,34.2,T,1060405136272905,50
~~,183,230,101,106,72,P,1069,3997,339,32.3,34.0,T,1060405137272905,180
~~,183,230,101,107,72,P,1355,4601,-2304,34.6,30.9,T,1060405138272905,10
~~,183,230,101,108,72,P,1115,6883,-1320,32.1,36.1,T,1060405139272905,128
~~,183,230,101,109,72,P,1318,6301,-3322,35.9,33.0,T,1060405140272905,58
~~,183,230,101,110,72,P,1086,15562,362,33.3,33.8,T,1060405141272905,224
~~,183,230,101,111,72,P,1463,17447,976,36.0,32.2,T,1060405142272905,252
~~,183,230,101,112,72,P,1203,11091,3509,34.7,31.7,T,1060405143272905,127
~~,183,230,101,113,72,P,1383,19023,2892,30.2,35.0,T,1060405144272905,146
~~,183,230,101,114,72,P,1231,3122,-4705,35.2,32.9,T,1060405145272905,161
~~,183,230,101,115,72,P,1483,4233,-4425,30.4,35.7,T,1060405146272905,178
~~,183,230,101,116,72,P,1108,13148,4969,30.8,36.1,T,1060405147272905,194
~~,183,230,101,117,72,P,1458,19385,766,33.4,31.4,T,1060405148272905,236
~~,183,230,101,118,72,P,1276,3920,-1110,30.2,33.0,T,1060405149272905,33
~~,183,230,101,119,72,P,1115,9383,4336,35.1,35.8,T,1060405150272905,28
~~,183,230,101,120,72,P,1292,10809,1230,31.4,32.2,T,1060405151272905,182
~~,183,230,101,121,72,P,1080,17406,2415,31.5,31.7,T,1060405152272905,120
~~,183,230,101,122,72,P,1176,8361,4732,35.1,35.0,T,1060405153272905,163
~~,183,230,101,123,72,P,1373,14381,-3607,30.1,33.1,T,1060405154272905,168
~~,183,230,101,124,72,P,1194,7864,4650,35.5,35.1,T,1060405155272905,172
~~,183,230,101,125,72,P,1470,10789,-869,30.5,35.2,T,1060405156272905,97
~~,183,230,101,126,72,P,1146,11853,-3768,34.6,32.8,T,1060405157272905,53
~~,183,230,101,127,72,P,1351,4193,-4794,34.9,33.0,T,1060405158272905,224
~~,183,230,101,128,72,P,1270,16068,-164,31.5,30.6,T,1060405159272905,32
~~,183,230,101,129,72,P,1202,17977,-1793,34.8,31.7,T,1060405160272905,140
~~,183,230,101,130,72,P,1348,13979,1902,34.9,33.5,T,1060405161272905,132
~~,183,230,101,131,72,P,1223,5174,905,35.0,30.4,T,1060405162272905,253
~~,183,230,101,132,72,P,1029,12439,3305,30.6,34.1,T,1060405163272905,77
~~,183,230,101,133,72,P,1221,15402,-2249,34.9,31.4,T,1060405164272905,18
~~,183,230,101,134,72,P,1043,18214,3735,31.9,35.2,T,1060405165272905,172
~~,183,230,101,135,72,P,1107,15612,-3220,31.8,33.6,T,1060405166272905,102
~~,183,230,101,136,72,P,1011,15930,4732,32.9,31.4,T,1060405167272905,208
~~,183,230,101,137,72,P,1431,19457,1790,36.0,31.8,T,1060405168272905,41
~~,183,230,101,138,72,P,1222,13307,-4126,30.5,30.3,T,1060405169272905,1
~~,183,230,101,139,72,P,1093,7895,-2193,30.1,31.5,T,1060405170272905,140
~~,183,230,101,140,72,P,1298,15739,-154,30.7,34.9,T,1060405171272905,65
~~,183,230,101,141,154,P,1369,2655,1516,30.8,35.2,T,1060405172272905,38
~~,183,230,101,142,72,P,1085,13263,147,36.1,34.0,T,1060405173272905,77
~~,183,230,101,143,72,P,1304,11285,-836,35.0,31.0,T,1060405174272905,46
~~,183,230,101,144,72,P,1251,8414,-2429,35.1,35.2,T,1060405175272905,158
~~,183,230,101,145,72,P,1035,2784,-515,33.3,31.2,T,1060405176272905,176
~~,183,230,101,146,72,P,1275,6097,479,31.6,33.5,T,1060405177272905,68
~~,183,230,101,147,72,P,1134,4187,703,34.4,32.8,T,1060405178272905,197
~~,183,230,101,148,72,P,1359,9363,4035,34.4,33.8,T,1060405179272905,233
~~,183,230,101,149,72,P,1482,10463,4343,34.3,34.8,T,1060405180272905,77
~~,183,230,101,150,72,P,1318,7975,-1027,30.1,35.6,T,1060405181272905,81
~~,183,230,101,151,72,P,1236,8999,724,34.1,30.4,T,1060405182272905,59
~~,183,230,101,152,72,P,1425,4294,4983,35.1,34.2,T,1060405183272905,123
~~,183,230,101,153,72,P,1354,12453,208,34.8,33.0,T,1060405184272905,249
~~,183,230,101,154,72,P,1242,18216,810,34.7,34.3,T,1060405185272905,213
~~,183,230,101,155,72,P,1296,4143,-4441,35.0,35.1,T,1060405186272905,200
~~,183,230,101,156,72,P,1146,12010,-1536,35.6,33.5,T,1060405187272905,153
~~,183,230,101,157,72,P,1067,12008,-645,34.7,33.4,T,1060405188272905,227
~~,183,230,101,160,72,P,1195,18879,4813,33.7,32.1,T,1060405191272905,106
~~,183,230,101,161,72,P,1427,9989,1665,34.0,36.3,T,1060405192272905,245
~~,183,230,101,162,72,P,1399,15093,-705,32.3,33.5,T,1060405193272905,244
~~,183,230,101,163,72,P,1324,19594,-3273,33.4,35.8,T,1060405194272905,245
~~,183,230,101,164,72,P,1403,14031,3750,32.6,33.4,T,1060405195272905,123
~~,183,230,101,165,72,P,1040,14809,2715,31.6,34.0,T,1060405196272905,89
~~,183,230,101,166,72,P,1047,2054,-3701,33.0,33.2,T,1060405197272905,231
~~,183,230,101,167,72,P,1026,8405,1974,34.2,31.3,T,1060405198272905,72
~~,183,230,101,168,72,P,1336,18234,-379,33.8,30.7,T,1060405199272905,55
~~,183,230,101,169,72,P,1444,7819,4522,36.1,35.0,T,1060405200272905,150
~~,183,230,101,170,72,P,1121,9573,1409,36.1,34.4,T,1060405201272905,161
~~,183,230,101,171,72,P,1279,7169,-1503,31.0,34.1,T,1060405202272905,127
~~,183,230,101,172,72,P,1410,5443,636,35.5,34.7,T,1060405203272905,152
~~,183,230,101,173,72,P,1389,16803,1490,30.4,33.5,T,1060405204272905,116
~~,183,230,101,174,72,P,1311,10275,587,30.3,30.6,T,1060405205272905,112
~~,183,230,101,175,72,P,1248,7546,4211,30.0,34.6,T,1060405206272905,119
~~,183,230,101,176,72,P,1045,7243,-3,33.0,31.1,T,1060405207272905,108
~~,183,230,101,177,72,P,1288,18574,3726,31.7,34.6,T,1060405208272905,192
~~,183,230,101,178,72,P,1049,4723,1570,32.7,36.0,T,1060405209272905,202
~~,183,230,101,179,72,P,1346,17688,4508,31.9,32.4,T,1060405210272905,221
~~,183,230,101,180,72,P,1190,3625,-2055,31.2,32.3,T,1060405211272905,211
~~,183,230,101,181,72,P,1307,3253,-1603,36.3,31.5,T,1060405212272905,79
~~,183,230,101,182,72,P,1136,13117,1839,32.0,30.4,T,1060405213272905,110
~~,183,230,101,183,72,P,1192,8860,165,35.3,33.4,T,1060405214272905,168
~~,183,230,101,184,72,P,1400,3753,-3845,31.8,35.7,T,1060405215272905,18
~~,183,230,101,185,72,P,1347,6520,1189,33.9,31.6,T,1060405216272905,48
~~,183,230,101,186,72,P,1248,4276,3374,35.2,34.2,T,1060405217272905,21
~~,183,230,101,187,72,P,1211,13958,-3096,35.3,33.5,T,1060405218272905,22
~~,183,230,101,188,72,P,1057,2394,-3302,31.3,33.1,T,1060405219272905,113
~~,183,230,101,189,72,P,1478,16212,3493,30.3,33.5,T,1060405220272905,105
~~,183,230,101,190,72,P,1144,2779,-4325,34.4,36.2,T,1060405221272905,55
~~,183,230,101,191,72,P,1193,10067,-2627,32.5,30.6,T,1060405222272905,130
~~,183,230,101,192,72,P,1162,15678,2427,31.4,32.4,T,1060405223272905,53
~~,183,230,101,193,72,P,1348,15908,-1726,31.9,33.6,T,1060405224272905,56
~~,183,230,101,194,72,P,1044,3032,-470,32.8,31.2,T,1060405225272905,119
~~,183,230,101,195,72,P,1312,9329,711,36.2,31.0,T,1060405226272905,101
~~,183,230,101,196,72,P,1045,17601,-2221,35.2,33.6,T,1060405227272905,222
~~,183,230,101,197,72,P,1337,14498,-4809,36.3,32.0,T,1060405228272905,124
~~,183,230,101,198,72,P,1449,19579,1871,30.9,30.6,T,1060405229272905,157
~~,183,230,101,199,72,P,1367,12610,3712,31.2,32.3,T,1060405230272905,101
~~,183,230,101,200,72,P,1352,14096,-1823,32.3,36.0,T,1060405231272905,147
~~,183,230,101,201,72,P,1351,11046,2745,34.9,34.6,T,1060405232272905,0
~~,183,230,101,202,72,P,1304,12008,-3958,34.9,35.3,T,1060405233272905,26
~~,183,230,101,203,72,P,1274,13448,-98,34.2,32.6,T,1060405234272905,0
~~,183,230,101,204,72,P,1003,17645,4675,35.0,35.2,T,1060405235272905,47
~~,183,230,101,205,72,P,1318,10433,-3083,33.9,30.4,T,1060405236272905,78
~~,183,230,101,206,72,P,1175,9915,-2999,31.7,35.3,T,1060405237272905,228
~~,183,230,101,207,72,P,1425,16041,-2300,34.0,35.9,T,1060405238272905,118
~~,183,230,101,208,72,P,1294,4714,1557,31.5,31.1,T,1060405239272905,251
~~,183,230,101,209,72,P,1236,4278,3738,35.4,31.6,T,1060405240272905,159
~~,183,230,101,210,72,P,1357,11727,-369,30.7,32.8,T,1060405241272905,155
~~,183,230,101,211,72,P,1349,13614,4417,32.0,35.5,T,1060405242272905,189
~~,183,230,101,212,72,P,1205,2597,-3821,31.4,30.3,T,1060405243272905,120
~~,183,230,101,213,72,P,1178,2419,-4687,35.3,33.1,T,1060405244272905,213
~~,183,230,101,214,72,P,1022,15016,-2844,30.1,31.4,T,1060405245272905,133
~~,183,230,101,215,72,P,1388,2889,4583,33.8,31.1,T,1060405246272905,206
~~,183,230,101,216,72,P,1339,7455,-4829,33.5,31.5,T,1060405247272905,108
~~,183,230,101,217,72,P,1072,10671,4785,35.9,32.1,T,1060405248272905,119
~~,183,230,101,218,72,P,1076,2489,-1203,30.6,31.7,T,1060405249272905,171
~~,183,230,101,219,72,P,1069,5908,-3183,33.8,33.2,T,1060405250272905,76
~~,183,230,101,220,72,P,1271,10442,4596,34.5,31.2,T,1060405251272905,181
~~,183,230,101,221,72,P,1445,10154,-2334,35.4,34.1,T,1060405252272905,154
~~,183,230,101,222,72,P,1331,3533,-2191,34.0,33.1,T,1060405253272905,249
~~,183,230,101,223,72,P,1081,12773,4509,30.6,33.8,T,1060405254272905,251
~~,183,230,101,224,72,P,1120,7470,-3559,34.8,30.0,T,1060405255272905,172
~~,183,230,101,225,72,P,1011,2562,1913,32.8,33.5,T,1060405256272905,65
~~,183,230,101,226,72,P,1118,13615,3106,33.3,30.7,T,1060405257272905,84
~~,183,230,101,227,72,P,1470,2803,4356,35.1,32.2,T,1060405258272905,192
~~,183,230,101,228,72,P,1471,18720,1869,30.2,36.0,T,1060405259272905,140
~~,183,230,101,229,72,P,1366,3243,-4237,35.5,30.9,T,1060405260272905,4
~~,183,230,101,230,72,P,1151,13870,4098,36.2,33.8,T,1060405261272905,201
~~,183,230,101,231,72,P,1286,8638,-2811,35.0,35.8,T,1060405262272905,68
~~,183,230,101,232,72,P,1201,2533,-1743,34.0,33.6,T,1060405263272905,231
~~,183,230,101,233,72,P,1203,2369,2603,31.1,33.3,T,1060405264272905,11
~~,183,230,101,234,72,P,1240,12886,1961,34.2,31.9,T,1060405265272905,138
~~,183,230,101,235,72,P,1079,8075,1067,32.0,34.3,T,1060405266272905,246
~~,183,230,101,236,72,P,1169,2357,971,33.3,32.0,T,1060405267272905,224
~~,183,230,101,237,72,P,1292,4094,2775,31.8,35.7,T,1060405268272905,217
~~,183,230,101,238,72,P,1368,2891,-222,32.0,34.5,T,1060405269238345,124
~~,183,230,101,239,72,P,1357,11189,3737,36.2,31.6,T,1060405270272905,216
~~,183,230,101,240,72,P,1468,13759,1188,30.9,30.6,T,1060405271272905,0
~~,183,230,101,241,72,P,1294,11620,-848,31.1,33.4,T,1060405272272905,92
~~,183,230,101,242,72,P,1444,10319,-4935,31.5,31.5,T,1060405273272905,100
~~,183,230,101,243,72,P,1116,5926,-3537,34.5,35.4,T,1060405274272905,148
~~,183,230,101,244,72,P,1329,2283,4726,32.6,30.8,T,1060405275272905,79
~~,183,230,101,245,72,P,1143,4325,-2254,35.6,31.4,T,1060405276272905,176
~~,183,230,101,246,72,P,1001,18617,4785,31.9,30.6,T,1060405277272905,52
~~,183,230,101,247,72,P,1071,15090,2847,33.5,35.7,T,1060405278272905,134
~~,183,230,101,248,72,P,1295,18321,4465,36.1,33.4,T,1060405279272905,11
~~,183,230,101,249,72,P,1223,16368,-4540,35.9,35.7,T,1060405280272905,164
~~,183,230,101,250,72,P,1256,8948,3639,33.9,34.0,T,1060405281272905,28
~~,183,230,101,251,72,P,1013,6236,3279,35.3,34.1,T,1060405282272905,123
~~,183,230,101,252,72,P,1440,9951,3504,36.1,31.8,T,1060405283272905,215
~~,183,230,101,253,72,P,1496,12233,3589,33.3,36.1,T,1060405284272905,180
~~,183,230,101,254,72,P,1047,12965,-4529,30.2,30.6,T,1060405285272905,49
~~,183,230,101,255,72,P,1365,8043,243,36.3,32.9,T,1060405286272905,163
~~,183,230,101,0,72,P,1053,19197,-2735,34.3,32.9,T,1060405287272905,77
~~,183,230,101,1,72,P,1035,4361,1912,34.4,32.8,T,1060405288272905,192
~~,183,230,101,2,72,P,1122,11670,-325,34.6,34.2,T,1060405289272905,228
~~,183,230,101,3,72,P,1146,4421,-3514,33.4,31.2,T,1060405290272905,81
~~,183,230,101,4,72,P,1173,8970,290,33.4,30.6,T,1060405291272905,232
~~,183,230,101,5,72,P,1235,3781,3833,31.5,34.3,T,1060405292272905,123
~~,183,230,101,6,72,P,1015,8857,4629,30.2,31.4,T,1060405293272905,232
~~,183,230,101,7,72,P,1024,5167,-729,31.9,35.1,T,1060405294272905,144
~~,183,230,101,8,72,P,1316,5676,-1014,34.5,35.5,T,1060405295272905,218
~~,183,230,101,9,72,P,1108,6307,-4483,36.2,33.7,T,1060405296272905,58
~~,183,230,101,10,72,P,1487,9959,4522,34.0,35.2,T,1060405297272905,145
~~,183,230,101,11,72,P,1183,2788,3013,30.8,33.4,T,1060405298272905,107
~~,183,230,101,12,72,P,1314,15354,1504,34.3,32.8,T,1060405299272905,220
~~,183,230,101,13,72,P,1095,6838,-1078,31.3,32.2,T,1060405300272905,206
~~,183,230,101,14,72,P,1028,4452,-912,34.6,30.1,T,1060405301272905,39
~~,183,230,101,15,72,P,1149,11247,-8,31.1,33.6,T,1060405302272905,235
~~,183,230,101,16,72,P,1488,8685,2404,30.3,30.6,T,1060405303272905,193
~~,183,230,101,17,72,P,1272,19479,-3603,33.1,35.3,T,1060405304272905,246
~~,183,230,104,18,72,P,1374,10850,-4675,30.7,31.8,T,1060405305272905,67
~~,183,230,101,19,72,P,1262,17891,237,30.9,32.5,T,1060405306272905,57
~~,183,230,101,20,72,P,1484,12416,-4979,31.5,35.4,T,1060405307272905,145
~~,183,230,101,21,72,P,1278,2520,-3988,32.9,30.0,T,1060405308272905,225
~~,183,230,101,22,72,P,1081,15902,140,32.7,32.5,T,1060405309272905,82
~~,183,230,101,23,72,P,1161,8766,-2816,34.5,35.0,T,1060405310272905,215
~~,183,230,101,24,72,P,1273,6874,3776,30.2,34.1,T,1060405311272905,156
~~,183,230,101,25,72,P,1467,19060,1837,34.2,34.6,T,1060405312272905,233
~~,183,230,101,26,72,P,1236,2382,2673,32.9,34.2,T,1060405313272905,111
~~,183,230,101,27,72,P,1059,8456,-3360,35.1,34.8,T,1060405314272905,72
~~,183,230,101,28,72,P,1012,3859,4919,34.9,35.6,T,1060405315272905,111
~~,183,230,101,31,72,P,1126,15530,2549,32.4,35.2,T,1060405318272905,233
~~,183,230,101,32,72,P,1037,17524,-1347,32.4,35.3,T,1060405319272905,36
~~,183,230,101,33,72,P,1036,6454,4460,35.4,32.7,T,1060405320272905,49
~~,183,230,101,34,72,P,1394,10374,-4011,30.8,35.4,T,1060405321272905,35
~~,183,230,101,35,72,P,1354,4434,256,36.2,30.7,T,1060405322272905,65
~~,183,230,101,36,72,P,1422,13617,2698,35.3,34.8,T,1060405323272905,181
~~,183,230,101,37,72,P,1348,6807,1945,34.1,33.3,T,1060405324272905,48
~~,183,230,101,38,72,P,1369,5684,-4835,34.2,30.3,T,1060405325272905,162
~~,183,230,101,39,72,P,1111,11945,282,31.1,34.9,T,1060405326272905,102
~~,183,230,101,40,72,P,1036,11139,4122,35.3,33.8,T,1060405327272905,26
~~,183,230,101,41,72,P,1175,15352,-1225,32.0,30.6,T,1060405328272905,176
~~,183,230,101,42,72,P,1302,19912,2674,30.9,34.1,T,1060405329272905,89
~~,183,230,101,43,72,P,1376,18573,-4633,34.3,35.9,T,1060405330272905,48
~~,183,230,101,44,72,P,1117,16146,3502,32.6,30.3,T,1060405331272905,136
~~,183,230,101,45,72,P,1026,5445,4633,33.7,32.2,T,1060405332272905,185
~~,183,230,101,46,72,P,1248,7485,3589,31.8,32.2,T,1060405333272905,115
~~,183,230,101,47,72,P,1320,3079,-2066,31.1,36.1,T,1060405334272905,237
~~,183,230,101,48,72,P,1247,16262,955,35.3,36.2,T,1060405335272905,239
~~,183,230,101,49,72,P,1381,13991,1242,30.8,31.6,T,1060405336272905,248
~~,183,230,101,50,72,P,1284,9896,1263,30.2,31.9,T,1060405337272905,195
~~,183,230,101,51,72,P,1320,18391,4964,35.6,33.4,T,1060405338272905,244
~~,183,230,101,52,72,P,1061,6350,3717,34.6,30.6,T,1060405339272905,168
~~,183,230,101,53,72,P,1303,6728,2567,31.4,35.3,T,1060405340272905,25
~~,183,230,101,54,72,P,1204,11851,-2583,36.1,31.8,T,1060405341272905,250
~~,183,230,101,55,72,P,1312,14170,-1050,32.3,34.0,T,1060405342272905,240
~~,183,230,101,56,72,P,1019,4043,1562,30.4,36.3,T,1060405343272905,249
~~,183,230,101,57,72,P,1201,2764,-3807,34.1,35.4,T,1060405344272905,164
~~,183,230,101,58,72,P,1136,17117,3853,34.4,35.2,T,1060405345272905,255
~~,183,230,101,59,72,P,1035,8267,600,33.1,31.4,T,1060405346272905,123
~~,183,230,101,60,72,P,1327,7277,4208,30.5,34.9,T,1060405347272905,118
~~,183,230,101,61,72,P,1203,8851,-3411,31.0,35.6,T,1060405348272905,8
~~,183,230,101,62,72,P,1483,7328,135,35.9,30.2,T,1060405349272905,213
~~,183,230,101,63,72,P,1434,3072,-3744,35.6,31.8,T,1060405350272905,235
~~,183,230,101,64,72,P,1245,15710,-3053,34.7,35.9,T,1060405351272905,178
~~,183,230,101,65,72,P,1030,46431,-4158,32.9,30.9,T,1060405352272905,145
~~,183,230,101,66,72,P,1074,12130,-3326,32.0,33.9,T,1060405353272905,130
~~,183,230,101,67,72,P,1399,15132,4251,31.3,32.1,T,1060405354272905,71
~~,183,230,101,68,72,P,1473,10930,3638,36.3,30.6,T,1060405355272905,42
~~,183,230,101,69,72,P,1082,7175,3359,33.9,31.7,T,1060405356272905,252
~~,183,230,101,70,72,P,1389,13338,-2488,35.3,32.8,T,1060405357272905,224
~~,183,230,101,71,72,P,1350,10967,-826,33.4,35.5,T,1060405358272905,54
~~,183,230,101,72,72,P,1058,2798,-3575,34.2,34.5,T,1060405359272905,155
~~,183,230,101,73,72,P,1214,2054,4084,33.0,33.5,T,1060405360272905,99
~~,183,230,101,74,72,P,1282,16197,704,30.2,33.7,T,1060405361272905,113
~~,183,230,101,75,72,P,1087,17801,-1984,32.6,31.3,T,1060405362272905,227
~~,183,230,101,76,72,P,1090,7431,-2433,31.0,32.1,T,1060405363272905,195
~~,183,230,101,77,72,P,1305,17927,-1657,31.7,34.2,T,1060405364272905,6
~~,183,230,101,78,72,P,1391,14036,3130,33.1,32.9,T,1060405365272905,154
~~,183,230,101,79,72,P,1323,2324,2429,35.3,32.8,T,1060405366272905,228
~~,183,230,101,80,72,P,1353,14883,3944,33.8,33.8,T,1060405367272905,8
~~,183,230,101,81,72,P,1446,12073,-2143,31.9,30.2,T,1060405368272905,50
~~,183,230,101,82,72,P,1263,14288,-1589,31.6,34.8,T,1060405369272905,82
~~,183,230,101,83,72,P,1424,15447,4561,33.4,33.6,T,1060405370272905,110
~~,183,230,101,84,72,P,1116,6666,-3338,30.3,33.8,T,1060405371272905,151
~~,183,230,101,85,72,P,1288,19443,3662,34.8,35.4,T,1060405372272905,139
~~,183,230,101,86,72,P,1170,12742,-3330,30.4,34.0,T,1060405373272905,93
~~,183,230,101,87,72,P,1449,18378,-1823,33.2,36.1,T,1060405374272905,127
~~,183,230,101,88,72,P,1249,8578,3803,35.9,35.3,T,1060405375272905,0
~~,183,230,101,89,72,P,1013,17381,-1716,31.7,36.2,T,1060405376272905,154
~~,183,230,101,90,72,P,1458,14272,-1503,33.6,30.3,T,1060405377272905,204
~~,183,230,101,91,72,P,1127,2099,1499,34.5,31.6,T,1060405378272905,103
~~,183,230,101,92,72,P,1015,9657,810,30.4,33.6,T,1060405379272905,106
~~,183,230,101,93,72,P,1180,14896,-1741,33.4,30.8,T,1060405380272905,163
~~,183,230,101,94,72,P,1418,18572,3521,34.4,34.5,T,1060405381272905,231
~~,183,230,101,95,72,P,1124,3793,-633,32.1,34.0,T,1060405382272905,215
~~,183,230,101,96,72,P,1178,7007,-4202,35.5,32.5,T,1060405383272905,95
~~,183,230,101,97,72,P,1002,3238,2348,31.0,31.4,T,1060405384272905,205
~~,183,230,101,98,72,P,1111,6589,178,31.9,34.3,T,1060405385272905,6
~~,183,230,101,99,72,P,1243,11215,258,32.0,31.0,T,1060405386272905,155
~~,183,230,101,100,72,P,1216,12976,2988,32.4,33.8,T,1060405387272905,103
~~,183,230,101,101,72,P,1228,8113,-3777,33.6,32.7,T,1060405388272905,96
~~,183,230,101,102,72,P,1410,2239,-1663,34.8,32.1,T,1060405389272905,208
~~,183,230,101,103,72,P,1425,2890,-3018,32.4,33.5,T,1060405390272905,251
~~,183,230,101,104,72,P,1266,10252,1698,35.0,35.7,T,1060405391272905,123
~~,183,230,101,105,72,P,1263,2960,-1293,34.1,33.2,T,1060405392272905,97
~~,183,230,101,106,72,P,1143,15106,1503,33.8,34.7,T,1060405393272905,162
~~,183,230,101,107,72,P,1082,19754,2714,34.1,33.6,T,1060405394272905,91
~~,183,230,101,108,72,P,1067,9481,3665,33.5,34.0,T,1060405395272905,103
~~,183,230,101,109,72,P,1190,14670,2790,34.1,34.4,T,1060405396272905,101
~~,183,230,101,110,72,P,1088,10864,1341,34.9,31.2,T,1060405397272905,235
~~,183,230,101,111,72,P,1163,2074,695,33.5,0.0,T,1060405398272905,16
~~,183,230,101,112,72,P,1038,2189,1086,35.0,31.3,T,1060405399272905,251
~~,183,230,101,113,72,P,1126,18206,-4365,36.0,33.2,T,1060405400272905,132
~~,183,230,101,114,72,P,1351,19359,-3658,36.1,30.9,T,1060405401272905,219
~~,183,230,101,115,72,P,1333,6032,-2608,34.8,35.6,T,1060405402272905,93
~~,183,230,101,116,72,P,1028,14974,-4698,31.9,34.5,T,1060405403272905,70
~~,183,230,101,117,72,P,1185,11311,-3994,30.8,31.5,T,1060405404272905,217
~~,183,230,101,118,72,P,1151,4891,3110,31.7,33.1,T,1060405405272905,161
~~,183,230,101,119,72,P,1052,16587,-1033,35.5,33.0,T,1060405406272905,175
~~,183,230,101,120,72,P,1122,9466,-2625,30.9,30.9,T,1060405407272905,69
~~,183,230,101,121,72,P,1040,8529,603,33.4,35.1,T,1060405408272905,196
~~,183,230,101,122,72,P,1290,8058,-2848,33.3,30.5,T,1060405409272905,200
~~,183,230,101,123,72,P,1319,13341,3521,34.6,30.9,T,1060405410272905,85
~~,183,230,101,124,72,P,1074,9653,-1032,35.1,32.4,T,1060405411272905,247
~~,183,230,101,125,72,P,1042,3728,-1852,35.5,31.3,T,1060405412272905,254
~~,183,230,101,126,72,P,1361,15198,-1017,31.0,30.6,T,1060405413272905,30
